UID,AGENSI,KATEGORI,HIERARKI,NAMA,UNIT,INDUK,ZON,DAERAH,PBT,ALAMAT,TELEFON,SRC_ID,X_CASS,Y_CASS,LATITUDE,LONGITUDE,GEOM_OK
PDRM-106,PDRM,BALAI POLIS,BALAI/UNIT,Balai Polis Bagan Nakhoda Omar,PENGURUSAN,IPD Sabak Bernam,,,,,,106,-91196.416,66473.91,3.7750227,100.8817216,True
PDRM-102,PDRM,BALAI POLIS,BALAI/UNIT,Balai Polis Sabak Bernam,PENGURUSAN,IPD Sabak Bernam,,,,,,102,-79800.297,65218.244,3.7637217,100.984321,True
PDRM-011,PDRM,IPD,DAERAH,IPD Sabak Bernam,PENGURUSAN,IPD Sabak Bernam,,,,"Sabak Bernam, Selangor",,11,-79307.854,55780.918,3.6783811,100.9887927,True
PDRM-103,PDRM,BALAI POLIS,BALAI/UNIT,Balai Polis Sungai Besar,PENGURUSAN,IPD Sabak Bernam,,,,,,103,-79307.854,55780.918,3.6783811,100.9887927,True
PDRM-105,PDRM,BALAI POLIS,BALAI/UNIT,Balai Polis Sungai Air Tawar,PENGURUSAN,IPD Sabak Bernam,,,,,,105,-89676.323,73859.512,3.8418183,100.8953682,True
PDRM-104,PDRM,BALAI POLIS,BALAI/UNIT,Balai Polis Sekinchan,PENGURUSAN,IPD Sabak Bernam,,,,,,104,-66855.018,36688.782,3.5057701,101.100942,True
PDRM-089,PDRM,PONDOK POLIS,BALAI/UNIT,Pondok Polis Sungai Sireh,PENGURUSAN,IPD Kuala Selangor,,,,,,89,-58809.714,32889.734,3.4714338,101.1733566,True
PDRM-085,PDRM,BALAI POLIS,BALAI/UNIT,Balai Polis Tanjung Karang,PENGURUSAN,IPD Kuala Selangor,,,,,,85,-59253.717,27692.769,3.4244351,101.1693715,True
PDRM-088,PDRM,PONDOK POLIS,BALAI/UNIT,Pondok Polis Sungai Yu,PENGURUSAN,IPD Kuala Selangor,,,,,,88,-54163.234,22599.019,3.3783801,101.2151896,True
PDRM-009,PDRM,IPD,DAERAH,IPD Kuala Selangor,PENGURUSAN,IPD Kuala Selangor,,,,"45000 Kuala Selangor, Selangor",03-32891222,9,-48697.123,16297.661,3.3214022,101.2643847,True
PDRM-084,PDRM,BALAI POLIS,BALAI/UNIT,Balai Polis Kuala Selangor,PENGURUSAN,IPD Kuala Selangor,,,,,,84,-48697.123,16297.661,3.3214022,101.2643847,True
PDRM-083,PDRM,BALAI POLIS,BALAI/UNIT,Balai Polis Jeram,PENGURUSAN,IPD Kuala Selangor,,,,,,83,-43023.032,5779.831,3.2262905,101.315448,True
PDRM-055,PDRM,BALAI POLIS,BALAI/UNIT,Balai Polis Ulu Bernam,PENGURUSAN,IPD Hulu Selangor,,,,,,55,-19736.14,55007.506,3.6714667,101.5250308,True
PDRM-050,PDRM,BALAI POLIS,BALAI/UNIT,Balai Polis Kerling,PENGURUSAN,IPD Hulu Selangor,,,,,,50,-11123.621,46066.322,3.590594,101.6025374,True
PDRM-054,PDRM,BALAI POLIS,BALAI/UNIT,Balai Polis Kalumpang,PENGURUSAN,IPD Hulu Selangor,,,,,,54,-14435.596,51521.972,3.6399375,101.5727373,True
PDRM-005,PDRM,IPD,DAERAH,IPD Hulu Selangor,PENGURUSAN,IPD Hulu Selangor,,,,"44000 Kuala Kubu Bharu, Selangor",03-60651021,5,-4697.358,42926.857,3.5621876,101.66037,True
PDRM-048,PDRM,BALAI POLIS,BALAI/UNIT,Balai Polis Kuala Kubu Bharu,PENGURUSAN,IPD Hulu Selangor,,,,,,48,-4697.358,42926.857,3.5621876,101.66037,True
PDRM-051,PDRM,BALAI POLIS,BALAI/UNIT,Balai Polis Rasa,PENGURUSAN,IPD Hulu Selangor,,,,,,51,-7675.5,35979.141,3.4993651,101.633549,True
PDRM-049,PDRM,BALAI POLIS,BALAI/UNIT,Balai Polis Batang Kali,PENGURUSAN,IPD Hulu Selangor,,,,,,49,-6997.897,32545.911,3.4683159,101.6396391,True
PDRM-053,PDRM,BALAI POLIS,BALAI/UNIT,Balai Polis Bukit Sentosa,PENGURUSAN,IPD Hulu Selangor,,,,,,53,-15568.434,25120.024,3.4011785,101.5624962,True
PDRM-082,PDRM,BALAI POLIS,BALAI/UNIT,Balai Polis Bestari Jaya,PENGURUSAN,IPD Kuala Selangor,,,,,,82,-32618.279,22454.408,3.3770878,101.4090659,True
PDRM-052,PDRM,BALAI POLIS,BALAI/UNIT,Balai Polis Serendah,PENGURUSAN,IPD Hulu Selangor,,,,,,52,-10887.785,21401.36,3.3675409,101.6046095,True
PDRM-034,PDRM,BALAI POLIS,BALAI/UNIT,Balai Polis Country Homes,PENGURUSAN,IPD Gombak,,,,,,34,-18433.611,17526.783,3.3325144,101.5367024,True
PDRM-029,PDRM,BALAI POLIS,BALAI/UNIT,Balai Polis Rawang,PENGURUSAN,IPD Gombak,,,,,,29,-13990.706,16015.031,3.3188363,101.5766783,True
PDRM-086,PDRM,PONDOK POLIS,BALAI/UNIT,Pondok Polis Simpang Tiga Ijok,PENGURUSAN,IPD Kuala Selangor,,,,,,86,-31799.001,15612.598,3.3152145,101.4164366,True
PDRM-032,PDRM,BALAI POLIS,BALAI/UNIT,Balai Polis Batu Arang,PENGURUSAN,IPD Gombak,,,,,,32,-28604.329,14319.399,3.3035183,101.445182,True
PDRM-035,PDRM,BALAI POLIS,BALAI/UNIT,Balai Polis Tasik Puteri,PENGURUSAN,IPD Gombak,,,,,,35,-25499.161,12189.135,3.2842516,101.4731207,True
PDRM-031,PDRM,BALAI POLIS,BALAI/UNIT,Balai Polis Kundang,PENGURUSAN,IPD Gombak,,,,,,31,-21098.429,11359.448,3.2767443,101.5127168,True
PDRM-090,PDRM,PONDOK POLIS,BALAI/UNIT,Pondok Polis Alam Jaya,PENGURUSAN,IPD Kuala Selangor,,,,,,90,-28440.182,7198.555,3.2391217,101.4466553,True
PDRM-033,PDRM,BALAI POLIS,BALAI/UNIT,Balai Polis Kuang,PENGURUSAN,IPD Gombak,,,,,,33,-16495.642,9161.682,3.2568631,101.5541283,True
PDRM-158,PDRM,BALAI POLIS,BALAI/UNIT,Balai Polis Sungai Pelong,PENGURUSAN,IPD Sungai Buloh,,,,,,158,-19055.505,4572.324,3.2153633,101.53109,True
PDRM-161,PDRM,BALAI POLIS,BALAI/UNIT,Balai Polis Saujana Utama,PENGURUSAN,IPD Sungai Buloh,,,,,,161,-24645.913,3353.188,3.204344,101.4807909,True
PDRM-016,PDRM,IPD,DAERAH,IPD Sungai Buloh,PENGURUSAN,IPD Sungai Buloh,,,,"Jalan Besar, 47000 Sungai Buloh, Selangor",03-61561222,16,-14964.721,2165.337,3.1935902,101.5678919,True
PDRM-157,PDRM,BALAI POLIS,BALAI/UNIT,Balai Polis Daerah Sungai Buloh,PENGURUSAN,IPD Sungai Buloh,,,,,,157,-14964.721,2165.337,3.1935902,101.5678919,True
PDRM-099,PDRM,BALAI KOMUNITI,BALAI/UNIT,Balai Polis Komuniti Bandar Sri Damansara,JPJKK,IPD Petaling Jaya,,,,,,99,-10174.415,2182.407,3.1937362,101.6109905,True
PDRM-030,PDRM,BALAI POLIS,BALAI/UNIT,Balai Polis Desa Jaya,PENGURUSAN,IPD Gombak,,,,,,30,-8721.723,5302.427,3.2219486,101.6240668,True
PDRM-003,PDRM,IPD,DAERAH,IPD Gombak,PENGURUSAN,IPD Gombak,,,,"53100 Gombak, Selangor",03-61262222,3,-6800.923,8722.913,3.252877,101.6413565,True
PDRM-028,PDRM,BALAI POLIS,BALAI/UNIT,Balai Polis Selayang,PENGURUSAN,IPD Gombak,,,,,,28,-6800.923,8722.913,3.252877,101.6413565,True
PDRM-038,PDRM,PONDOK POLIS,BALAI/UNIT,Pondok Polis Hospital Selayang,PENGURUSAN,IPD Gombak,,,,,,38,-6091.146,7579.816,3.242538,101.6477401,True
PDRM-037,PDRM,PONDOK POLIS,BALAI/UNIT,Pondok Polis Selayang Baru,PENGURUSAN,IPD Gombak,,,,,,37,-3510.751,8190.741,3.2480566,101.6709586,True
PDRM-036,PDRM,BALAI POLIS,BALAI/UNIT,Balai Polis Batu Caves,PENGURUSAN,IPD Gombak,,,,,,36,-1622.846,6750.917,3.2350309,101.6879412,True
PDRM-027,PDRM,BALAI POLIS,BALAI/UNIT,Balai Polis Gombak,PENGURUSAN,IPD Gombak,,,,,,27,1205.683,4940.158,3.2186479,101.7133854,True
PDRM-020,PDRM,BALAI POLIS,BALAI/UNIT,Balai Polis Taman Melawati,PENGURUSAN,IPD Ampang Jaya,,,,,,20,4972.316,4217.974,3.2121056,101.7472725,True
PDRM-022,PDRM,BALAI POLIS,BALAI/UNIT,Balai Polis Ukay Perdana,PENGURUSAN,IPD Ampang Jaya,,,,,,22,8315.541,3362.47,3.2043581,101.7773492,True
PDRM-019,PDRM,BALAI POLIS,BALAI/UNIT,Balai Polis Hulu Klang,PENGURUSAN,IPD Ampang Jaya,,,,,,19,5514.002,243.204,3.1761592,101.7521335,True
PDRM-025,PDRM,BALAI POLIS,BALAI/UNIT,Balai Polis Bukit Indah,PENGURUSAN,IPD Ampang Jaya,,,,,,25,8049.104,-2369.456,3.152524,101.7749328,True
PDRM-002,PDRM,IPD,DAERAH,IPD Ampang Jaya,PENGURUSAN,IPD Ampang Jaya,,,,"Taman Dagang, 68000 Ampang, Selangor",03-42897222,2,5993.491,-2741.398,3.1491672,101.7564379,True
PDRM-017,PDRM,BALAI POLIS,BALAI/UNIT,Balai Polis Ampang,PENGURUSAN,IPD Ampang Jaya,,,,,,17,7398.571,-4724.097,3.1312326,101.7690725,True
PDRM-026,PDRM,PONDOK POLIS,BALAI/UNIT,Pondok Polis Hospital Ampang,PENGURUSAN,IPD Ampang Jaya,,,,,,26,6767.631,-5047.39,3.1283111,101.7633952,True
PDRM-018,PDRM,BALAI POLIS,BALAI/UNIT,Balai Polis Pandan Indah,PENGURUSAN,IPD Ampang Jaya,,,,,,18,5304.185,-5089.114,3.1279384,101.7502292,True
PDRM-024,PDRM,BALAI POLIS,BALAI/UNIT,Balai Polis Taman Muda,PENGURUSAN,IPD Ampang Jaya,,,,,,24,6473.536,-5938.481,3.1202537,101.7607465,True
PDRM-023,PDRM,BALAI POLIS,BALAI/UNIT,Balai Polis Pandan Perdana,PENGURUSAN,IPD Ampang Jaya,,,,,,23,4672.566,-6847.051,3.1120429,101.7445415,True
PDRM-060,PDRM,BALAI POLIS,BALAI/UNIT,Balai Polis Batu 9 Cheras,PENGURUSAN,IPD Kajang,,,,,,60,7594.825,-11693.479,3.0682063,101.7708155,True
PDRM-096,PDRM,BALAI POLIS,BALAI/UNIT,Balai Polis Kota Damansara,PENGURUSAN,IPD Petaling Jaya,,,,,,96,-12132.652,-2417.091,3.1521449,101.593364,True
PDRM-092,PDRM,BALAI POLIS,BALAI/UNIT,Balai Polis Damansara,PENGURUSAN,IPD Petaling Jaya,,,,,,92,-8677.368,-4590.467,3.1324837,101.6244456,True
PDRM-094,PDRM,BALAI POLIS,BALAI/UNIT,Balai Polis Sea Park,PENGURUSAN,IPD Petaling Jaya,,,,,,94,-8816.61,-6240.09,3.1175659,101.6231896,True
PDRM-010,PDRM,IPD,DAERAH,IPD Petaling Jaya,PENGURUSAN,IPD Petaling Jaya,,,,"Jalan Pencala, 46050 Petaling Jaya, Selangor",03-79662222,10,-6696.125,-8312.123,3.0988234,101.6422619,True
PDRM-091,PDRM,BALAI POLIS,BALAI/UNIT,Balai Polis Petaling Jaya,PENGURUSAN,IPD Petaling Jaya,,,,,,91,-6696.125,-8312.123,3.0988234,101.6422619,True
PDRM-095,PDRM,BALAI POLIS,BALAI/UNIT,Balai Polis Sungai Way,PENGURUSAN,IPD Petaling Jaya,,,,,,95,-9043.24,-9600.419,3.0871777,101.6211442,True
PDRM-093,PDRM,BALAI POLIS,BALAI/UNIT,Balai Polis Kelana Jaya,PENGURUSAN,IPD Petaling Jaya,,,,,,93,-11372.693,-8088.489,3.100855,101.6001908,True
PDRM-097,PDRM,BALAI POLIS,BALAI/UNIT,Balai Polis Ara Damansara,PENGURUSAN,IPD Petaling Jaya,,,,,,97,-13062.731,-6328.816,3.1167714,101.5849898,True
PDRM-139,PDRM,BALAI POLIS,BALAI/UNIT,Balai Polis Bukit Jelutong,PENGURUSAN,IPD Shah Alam,,,,,,139,-16623.296,-6899.204,3.1116186,101.5529568,True
PDRM-100,PDRM,BALAI LAPANGAN TERBANG,BALAI/UNIT,Balai Polis LTSAAS,PENGURUSAN,IPD Petaling Jaya,,,,,,100,-16570.512,-4449.28,3.1337742,101.5534351,True
PDRM-159,PDRM,BALAI POLIS,BALAI/UNIT,Balai Polis Kampung Baru Subang,PENGURUSAN,IPD Sungai Buloh,,,,,,159,-18551.083,-3529.183,3.1420976,101.535618,True
PDRM-147,PDRM,PONDOK POLIS,BALAI/UNIT,Pondok Polis Komuniti U9 Cahaya SPK,PENGURUSAN,IPD Shah Alam,,,,,,147,-21770.91,-3983.481,3.1379929,101.5066501,True
PDRM-141,PDRM,BALAI KOMUNITI,BALAI/UNIT,Balai Polis Komuniti U13 Setia Alam,JPJKK,IPD Shah Alam,,,,,,141,-27063.947,-4442.561,3.1338455,101.4590308,True
PDRM-080,PDRM,BALAI POLIS,BALAI/UNIT,Balai Polis Meru,PENGURUSAN,IPD Klang Utara,,,,,,80,-29118.628,-4333.669,3.1348314,101.4405458,True
PDRM-076,PDRM,BALAI POLIS,BALAI/UNIT,Balai Polis Kapar,PENGURUSAN,IPD Klang Utara,,,,,,76,-36269.266,-4019.14,3.137677,101.3762149,True
PDRM-008,PDRM,IPD,DAERAH,IPD Klang Utara,PENGURUSAN,IPD Klang Utara,,,,"Jalan Harapan 3A/KU7, Taman Sungai Kapar Indah, 42200 Kapar, Klang",03-32912222,8,-36236.117,-8496.22,3.0971888,101.3765136,True
PDRM-079,PDRM,BALAI POLIS,BALAI/UNIT,Balai Polis Sungai Kapar Indah,PENGURUSAN,IPD Klang Utara,,,,,,79,-36236.117,-8496.22,3.0971888,101.3765136,True
PDRM-077,PDRM,BALAI POLIS,BALAI/UNIT,Balai Polis Bukit Raja,PENGURUSAN,IPD Klang Utara,,,,,,77,-30444.935,-10564.962,3.0784796,101.4286116,True
PDRM-078,PDRM,BALAI POLIS,BALAI/UNIT,Balai Polis Bandar Baru Klang,PENGURUSAN,IPD Klang Utara,,,,,,78,-26182.088,-12271.433,3.0630452,101.4669593,True
PDRM-136,PDRM,BALAI POLIS,BALAI/UNIT,Balai Polis Seksyen 6,PENGURUSAN,IPD Shah Alam,,,,,,136,-21611.086,-9921.682,3.0842911,101.508082,True
PDRM-001,PDRM,IPK,KONTINJEN,Ibu Pejabat Polis Kontinjen Selangor,PENGURUSAN,IPK SELANGOR,,,,"Persiaran Kayangan, Seksyen 9, 40000 Shah Alam, Selangor",03-55145222,1,-20320.85,-9532.663,3.0878078,101.5196895,True
PDRM-014,PDRM,IPD,DAERAH,IPD Shah Alam,PENGURUSAN,IPD Shah Alam,,,,"Persiaran Kayangan, Seksyen 9, 40100 Shah Alam, Selangor",03-55202222,14,-20320.85,-9532.663,3.0878078,101.5196895,True
PDRM-137,PDRM,BALAI POLIS,BALAI/UNIT,Balai Polis Seksyen 9,PENGURUSAN,IPD Shah Alam,,,,,,137,-20320.85,-9532.663,3.0878078,101.5196895,True
PDRM-152,PDRM,BALAI POLIS,BALAI/UNIT,Balai Polis SS17,PENGURUSAN,IPD Subang Jaya,,,,,,152,-13036.285,-11054.921,3.0740314,101.5852198,True
PDRM-153,PDRM,BALAI POLIS,BALAI/UNIT,Balai Polis Bandar Sunway,PENGURUSAN,IPD Subang Jaya,,,,,,153,-10368.849,-11096.221,3.0736532,101.609216,True
PDRM-015,PDRM,IPD,DAERAH,IPD Subang Jaya,PENGURUSAN,IPD Subang Jaya,,,,"Subang Jaya, Selangor",,15,-12584.997,-14241.757,3.0452108,101.5892743,True
PDRM-149,PDRM,BALAI POLIS,BALAI/UNIT,Balai Polis Subang Jaya,PENGURUSAN,IPD Subang Jaya,,,,,,149,-12584.997,-14241.757,3.0452108,101.5892743,True
PDRM-150,PDRM,BALAI POLIS,BALAI/UNIT,Balai Polis USJ 8,PENGURUSAN,IPD Subang Jaya,,,,,,150,-12584.997,-14241.757,3.0452108,101.5892743,True
PDRM-132,PDRM,BALAI KOMUNITI,BALAI/UNIT,Balai Polis Komuniti Sungai Besi Indah,JPJKK,IPD Serdang,,,,,,132,2604.695,-16206.148,3.0274121,101.7259118,True
PDRM-130,PDRM,BALAI POLIS,BALAI/UNIT,Balai Polis Sri Kembangan,PENGURUSAN,IPD Serdang,,,,,,130,767.625,-16663.312,3.0232829,101.709385,True
PDRM-133,PDRM,BALAI POLIS,BALAI/UNIT,Balai Polis Bukit Serdang,PENGURUSAN,IPD Serdang,,,,,,133,-723.254,-16762.301,3.0223916,101.6959734,True
PDRM-061,PDRM,BALAI POLIS,BALAI/UNIT,Balai Polis Sungai Long,PENGURUSAN,IPD Kajang,,,,,,61,9851.832,-14610.36,3.0418208,101.7911096,True
PDRM-129,PDRM,BALAI POLIS,BALAI/UNIT,Balai Polis Serdang,PENGURUSAN,IPD Serdang,,,,,,129,1377.798,-18351.543,3.008014,101.7148693,True
PDRM-013,PDRM,IPD,DAERAH,IPD Serdang,PENGURUSAN,IPD Serdang,,,,"Jalan Kinrara 6, Bandar Kinrara 6, 47180 Puchong, Selangor",03-80742222,13,-5719.512,-14994.622,3.0383891,101.651033,True
PDRM-127,PDRM,BALAI POLIS,BALAI/UNIT,Balai Polis Bandar Kinrara,PENGURUSAN,IPD Serdang,,,,,,127,-5719.512,-14994.622,3.0383891,101.651033,True
PDRM-131,PDRM,BALAI KOMUNITI,BALAI/UNIT,Balai Polis Komuniti Bandar Puteri,JPJKK,IPD Serdang,,,,,,131,-8764.89,-16351.911,3.026121,101.623635,True
PDRM-151,PDRM,BALAI POLIS,BALAI/UNIT,Balai Polis Putra Heights,PENGURUSAN,IPD Subang Jaya,,,,,,151,-14576.924,-19220.655,3.0001879,101.5713478,True
PDRM-145,PDRM,PONDOK POLIS,BALAI/UNIT,Pondok Polis Kota Kemuning,PENGURUSAN,IPD Shah Alam,,,,,,145,-17204.278,-20192.986,2.9913984,101.5477125,True
PDRM-146,PDRM,PONDOK POLIS,BALAI/UNIT,Pondok Polis Taman Berjaya,PENGURUSAN,IPD Shah Alam,,,,,,146,-21033.715,-21148.497,2.9827618,101.5132645,True
PDRM-067,PDRM,BALAI POLIS,BALAI/UNIT,Balai Polis Pulau Ketam,PENGURUSAN,IPD Klang Selatan,,,,,,67,-49910.416,-17021.028,3.0200868,101.2535065,True
PDRM-072,PDRM,BALAI POLIS MARIN,BALAI/UNIT,Balai Polis Pulau Indah,KDNKA,IPD Klang Selatan,,,,,,72,-43422.485,-24469.195,2.9527355,101.3118738,True
PDRM-069,PDRM,BALAI POLIS,BALAI/UNIT,Balai Polis Telok Gong,PENGURUSAN,IPD Klang Selatan,,,,,,69,-34630.777,-23291.752,2.9633864,101.3909554,True
PDRM-068,PDRM,BALAI POLIS,BALAI/UNIT,Balai Polis Pelabuhan Klang,PENGURUSAN,IPD Klang Selatan,,,,,,68,-34466.379,-19239.556,3.0000322,101.3924343,True
PDRM-066,PDRM,BALAI POLIS,BALAI/UNIT,Balai Polis Pandamaran,PENGURUSAN,IPD Klang Selatan,,,,,,66,-31957.867,-18279.759,3.0087118,101.4149995,True
PDRM-071,PDRM,BALAI POLIS,BALAI/UNIT,Balai Polis Bukit Tinggi,PENGURUSAN,IPD Klang Selatan,,,,,,71,-30375.843,-19958.02,2.9935341,101.42923,True
PDRM-074,PDRM,PONDOK POLIS,BALAI/UNIT,Pondok Polis Hospital Tengku Ampuan Rahimah,PENGURUSAN,IPD Klang Selatan,,,,,,74,-29182.058,-16996.324,3.0203175,101.4399698,True
PDRM-073,PDRM,POS PENGAWAL,BALAI/UNIT,Pos Pengawal Istana Alam Shah,PENGURUSAN,IPD Klang Selatan,,,,,,73,-28295.446,-15231.952,3.0362731,101.4479462,True
PDRM-007,PDRM,IPD,DAERAH,IPD Klang Selatan,PENGURUSAN,IPD Klang Selatan,,,,"Jalan Gedung Raja Abdullah, 41560 Klang, Selangor",03-33762222,7,-28380.208,-14397.824,3.0438166,101.4471841,True
PDRM-065,PDRM,BALAI POLIS,BALAI/UNIT,Balai Polis Klang,PENGURUSAN,IPD Klang Selatan,,,,,,65,-28404.863,-14490.466,3.0429788,101.4469623,True
PDRM-138,PDRM,BALAI KOMUNITI,BALAI/UNIT,Balai Polis Komuniti Seksyen 15,JPJKK,IPD Shah Alam,,,,,,138,-20233.647,-12713.847,3.059039,101.5204705,True
PDRM-070,PDRM,BALAI POLIS,BALAI/UNIT,Balai Polis Taman Sentosa,PENGURUSAN,IPD Klang Selatan,,,,,,70,-24906.926,-18424.885,3.007396,101.4784259,True
PDRM-144,PDRM,BALAI KOMUNITI,BALAI/UNIT,Balai Polis Komuniti Alam Impian,JPJKK,IPD Shah Alam,,,,,,144,-20970.105,-17463.765,3.0160843,101.5138404,True
PDRM-142,PDRM,BALAI POLIS,BALAI/UNIT,Balai Polis Taman Sri Muda,PENGURUSAN,IPD Shah Alam,,,,,,142,-18275.379,-15650.74,3.0324772,101.5380832,True
PDRM-111,PDRM,BALAI POLIS,BALAI/UNIT,Balai Polis Sungai Pelek,PENGURUSAN,IPD Sepang,,,,,,111,1345.344,-59048.745,2.639976,101.7144749,True
PDRM-109,PDRM,BALAI POLIS,BALAI/UNIT,Balai Polis Sepang,PENGURUSAN,IPD Sepang,,,,,,109,5396.569,-53326.022,2.6917183,101.7509212,True
PDRM-042,PDRM,BALAI POLIS,BALAI/UNIT,Balai Polis Tanjung Sepat,PENGURUSAN,IPD Kuala Langat,,,,,,42,-16187.269,-56453.881,2.663474,101.5568137,True
PDRM-045,PDRM,PONDOK POLIS,BALAI/UNIT,Pondok Polis Batu Laut,PENGURUSAN,IPD Kuala Langat,,,,,,45,-21851.183,-54741.076,2.6789696,101.5058807,True
PDRM-117,PDRM,BALAI LAPANGAN TERBANG,BALAI/UNIT,Balai Polis KLIA 2,PENGURUSAN,IPD Sepang,,,,,,117,-1944.875,-47497.841,2.7444426,101.6849124,True
PDRM-119,PDRM,PONDOK POLIS,BALAI/UNIT,Pondok Polis KLIA 2,PENGURUSAN,IPD Sepang,,,,,,119,-1944.875,-47497.841,2.7444426,101.6849124,True
PDRM-118,PDRM,PONDOK POLIS,BALAI/UNIT,Pondok Polis KLIA,PENGURUSAN,IPD Sepang,,,,,,118,299.321,-46262.625,2.7556079,101.7050983,True
PDRM-120,PDRM,PONDOK POLIS,BALAI/UNIT,Pondok Polis Pekan Salak,PENGURUSAN,IPD Sepang,,,,,,120,5327.554,-43377.2,2.7816887,101.7503275,True
PDRM-012,PDRM,IPD,DAERAH,IPD Sepang,PENGURUSAN,IPD Sepang,,,,"43900 Sepang, Selangor",03-87774222,12,4241.357,-40749.7,2.805453,101.7405657,True
PDRM-112,PDRM,BALAI POLIS,BALAI/UNIT,Balai Polis Bandar Baru Salak Tinggi,PENGURUSAN,IPD Sepang,,,,,,112,4241.357,-40749.7,2.805453,101.7405657,True
PDRM-116,PDRM,BALAI LAPANGAN TERBANG,BALAI/UNIT,Balai Polis KLIA,PENGURUSAN,IPD Sepang,,,,,,116,-2549.799,-42788.889,2.7870287,101.6794824,True
PDRM-043,PDRM,BALAI KOMUNITI,BALAI/UNIT,Balai Polis Komuniti Seri Ehsan,JPJKK,IPD Kuala Langat,,,,,,43,-8006.119,-44674.706,2.7699856,101.6304063,True
PDRM-004,PDRM,IPD,DAERAH,IPD Kuala Langat,PENGURUSAN,IPD Kuala Langat,,,,"Jalan Sultan Alam Shah, 42700 Banting, Selangor",03-31872222,4,-23214.39,-40815.366,2.8049075,101.4936324,True
PDRM-039,PDRM,BALAI POLIS,BALAI/UNIT,Balai Polis Banting,PENGURUSAN,IPD Kuala Langat,,,,,,39,-23214.39,-40815.366,2.8049075,101.4936324,True
PDRM-110,PDRM,BALAI POLIS,BALAI/UNIT,Balai Polis Dengkil,PENGURUSAN,IPD Sepang,,,,,,110,-2542.493,-34785.258,2.8594084,101.6795661,True
PDRM-059,PDRM,BALAI POLIS,BALAI/UNIT,Balai Polis Beranang,PENGURUSAN,IPD Kajang,,,,,,59,18678.673,-33745.793,2.8687439,101.870439,True
PDRM-058,PDRM,BALAI POLIS,BALAI/UNIT,Balai Polis Semenyih,PENGURUSAN,IPD Kajang,,,,,,58,17071.916,-26550.744,2.9338159,101.856014,True
PDRM-057,PDRM,BALAI POLIS,BALAI/UNIT,Balai Polis Bandar Baru Bangi,PENGURUSAN,IPD Kajang,,,,,,57,6748.673,-26033.799,2.9385259,101.7631594,True
PDRM-124,PDRM,POS POLIS KOMUNITI,BALAI/UNIT,Pos Polis Komuniti Taman Desa Pinggiran Putra,JPJKK,IPD Sepang,,,,,,124,569.448,-29430.176,2.9078287,101.7075692,True
PDRM-113,PDRM,BALAI POLIS,BALAI/UNIT,Balai Polis Cyberjaya,PENGURUSAN,IPD Sepang,,,,,,113,-5522.634,-29491.715,2.9072863,101.6527729,True
PDRM-047,PDRM,PONDOK POLIS,BALAI/UNIT,Pondok Polis Sri Cheding,PENGURUSAN,IPD Kuala Langat,,,,,,47,-16770.812,-31545.535,2.888732,101.5515968,True
PDRM-041,PDRM,BALAI POLIS,BALAI/UNIT,Balai Polis Sungai Jarum,PENGURUSAN,IPD Kuala Langat,,,,,,41,-22650.888,-32994.967,2.8756305,101.4987072,True
PDRM-040,PDRM,BALAI POLIS,BALAI/UNIT,Balai Polis Telok Panglima Garang,PENGURUSAN,IPD Kuala Langat,,,,,,40,-25268.413,-28626.77,2.9151361,101.4751671,True
PDRM-044,PDRM,BALAI KOMUNITI,BALAI/UNIT,Balai Polis Komuniti Saujana Putra,JPJKK,IPD Kuala Langat,,,,,,44,-13023.931,-25887.72,2.9398925,101.585307,True
PDRM-114,PDRM,BALAI POLIS,BALAI/UNIT,Balai Polis Dato' Abu Bakar Baginda,PENGURUSAN,IPD Sepang,,,,,,114,3377.711,-23300.064,2.9632576,101.7328455,True
PDRM-121,PDRM,PONDOK POLIS,BALAI/UNIT,Pondok Polis IOI City Mall,PENGURUSAN,IPD Sepang,,,,,,121,1388.228,-22525.116,2.9702711,101.714952,True
PDRM-123,PDRM,PONDOK POLIS,BALAI/UNIT,Pondok Polis Hospital Serdang,PENGURUSAN,IPD Sepang,,,,,,123,1988.518,-21842.167,2.9764456,101.7203535,True
PDRM-006,PDRM,IPD,DAERAH,IPD Kajang,PENGURUSAN,IPD Kajang,,,,"Kajang, Selangor",,6,9539.625,-19890.15,2.9940756,101.7882837,True
PDRM-056,PDRM,BALAI POLIS,BALAI/UNIT,Balai Polis Kajang,PENGURUSAN,IPD Kajang,,,,,,56,9539.625,-19890.15,2.9940756,101.7882837,True
PDRM-115,PDRM,BALAI POLIS,BALAI/UNIT,Balai Polis Putra Perdana,PENGURUSAN,IPD Sepang,,,,,,115,-12193.201,-21949.312,2.9755078,101.5927858,True
PDRM-143,PDRM,BALAI POLIS,BALAI/UNIT,Balai Polis Alam Megah Seksyen 27,PENGURUSAN,IPD Shah Alam,,,,,,143,-15305.199,-17796.577,3.0130675,101.5647988,True
JBPM-024,JBPM,BBP,BALAI,BBP Sepang,,KLIA,Zon 5,,,,,24,5329.306,-53701.137,2.6883262,101.7503153,True
JBPM-021,JBPM,BBP / Pejabat Zon,BALAI/PEJABAT ZON,BBP KLIA,,KLIA,Zon 5,,,,,21,-2664.655,-42210.854,2.7922563,101.6784507,True
JBPM-023,JBPM,BBP,BALAI,BBP Dengkil,,KLIA,Zon 5,,,,,23,-3228.994,-35010.453,2.8573734,101.673391,True
JBPM-026,JBPM,BBP,BALAI,BBP Telok Panglima Garang,,KLIA,Zon 5,,,,,26,-24369.832,-31198.963,2.8918739,101.4832476,True
JBPM-033,JBPM,BBP,BALAI,BBP Sabak Bernam,,Sabak Bernam,Zon 7,,,,,33,-79910.993,65718.938,3.768249,100.9833224,True
JBPM-034,JBPM,BBP,BALAI,BBP Sungai Besar,,Sabak Bernam,Zon 7,,,,,34,-78785.09,54256.282,3.6645958,100.9935045,True
JBPM-035,JBPM,BBP,BALAI,BBP Tanjung Karang,,Sabak Bernam,Zon 7,,,,,35,-59647.168,27553.362,3.4231736,101.1658311,True
JBPM-036,JBPM,BBP,BALAI,BBP Kuala Selangor,,Sabak Bernam,Zon 7,,,,,36,-49819.986,16899.939,3.3268475,101.2542802,True
JBPM-037,JBPM,BBP,BALAI,BBP Bestari Jaya,,Sabak Bernam,Zon 7,,,,,37,-33284.575,22585.689,3.3782751,101.4030701,True
JBPM-030,JBPM,BBP,BALAI,BBP Kuala Kubu Bharu,,Rawang,Zon 6,,,,,30,-4554.369,41761.877,3.5516521,101.6616538,True
JBPM-031,JBPM,BBP,BALAI,BBP Bukit Sentosa,,Rawang,Zon 6,,,,,31,-15670.367,25119.555,3.4011744,101.5615789,True
JBPM-029,JBPM,BBP,BALAI,BBP Batu Arang,,Rawang,Zon 6,,,,,29,-25499.217,15965.512,3.3184028,101.473123,True
JBPM-027,JBPM,BBP / Pejabat Zon,BALAI/PEJABAT ZON,BBP Rawang,,Rawang,Zon 6,,,,,27,-15735.713,14729.041,3.3072095,101.5609745,True
JBPM-028,JBPM,BBP,BALAI,BBP Selayang,,Rawang,Zon 6,,,,,28,-5206.267,8852.698,3.254047,101.6557048,True
JBPM-007,JBPM,BBP,BALAI,BBP Sungai Buloh,,Petaling Jaya,Zon 2,,,,,7,-15760.927,3008.37,3.2012153,101.5607297,True
JBPM-011,JBPM,BBP,BALAI,BBP Kapar,,Klang,Zon 3,,,,,11,-32364.688,-4245.743,3.1356275,101.4113426,True
JBPM-005,JBPM,BBP,BALAI,BBP Damansara,,Petaling Jaya,Zon 2,,,,,5,-8781.718,-5333.231,3.1257669,101.6235054,True
JBPM-015,JBPM,BBP,BALAI,BBP Ampang,,Hulu Langat,Zon 4,,,,,15,6753.009,-3142.257,3.1455397,101.7632698,True
JBPM-014,JBPM,BBP / Pejabat Zon,BALAI/PEJABAT ZON,BBP Pandan Indah,,Hulu Langat,Zon 4,,,,,14,5204.108,-5098.221,3.1278563,101.7493288,True
JBPM-004,JBPM,BBP,BALAI,BBP Petaling Jaya,,Petaling Jaya,Zon 2,,,,,4,-6568.09,-8461.245,3.0974745,101.6434134,True
JBPM-002,JBPM,BBP,BALAI,BBP Subang Jaya,,Shah Alam,Zon 1,,,,,2,-13086.426,-11054.939,3.0740313,101.5847688,True
JBPM-001,JBPM,BBP / Pejabat Zon,BALAI/PEJABAT ZON,BBP Shah Alam,,Shah Alam,Zon 1,,,,,1,-20213.698,-12529.45,3.0607065,101.5206501,True
JBPM-010,JBPM,BBP,BALAI,BBP Klang Utara,,Klang,Zon 3,,,,,10,-28785.646,-12523.313,3.0607688,101.4435377,True
JBPM-009,JBPM,BBP,BALAI,BBP Klang Selatan,,Klang,Zon 3,,,,,9,-28364.984,-14530.189,3.0426195,101.447321,True
JBPM-012,JBPM,BBP,BALAI,BBP Andalas,,Klang,Zon 3,,,,,12,-28087.506,-17174.296,3.0187076,101.4498158,True
JBPM-008,JBPM,BBP / Pejabat Zon,BALAI/PEJABAT ZON,BBP Pelabuhan Klang,,Klang,Zon 3,,,,,8,-32669.013,-17942.949,3.0117578,101.4086025,True
JBPM-013,JBPM,BBP,BALAI,BBP Pulau Indah,,Klang,Zon 3,,,,,13,-38834.815,-26036.65,2.9385624,101.3531404,True
JBPM-006,JBPM,BBP / Pejabat Zon,BALAI/PEJABAT ZON,BBP Puchong,,Petaling Jaya,Zon 2,,,,,6,-9369.524,-15519.038,3.0336541,101.6181975,True
JBPM-020,JBPM,BBP,BALAI,BBP Bandar Tun Hussein Onn,,Hulu Langat,Zon 4,,,,,20,6455.232,-15267.525,3.0358889,101.7605526,True
JBPM-019,JBPM,BBP,BALAI,BBP Serdang,,Hulu Langat,Zon 4,,,,,19,777.79,-16898.034,3.0211602,101.7094758,True
JBPM-016,JBPM,BBP,BALAI,BBP Kajang,,Hulu Langat,Zon 4,,,,,16,10160.939,-20427.515,2.989214,101.7938708,True
JBPM-018,JBPM,BBP,BALAI,BBP Semenyih,,Hulu Langat,Zon 4,,,,,18,17286.512,-26717.21,2.9323097,101.8579436,True
JBPM-017,JBPM,BBP,BALAI,BBP Bangi,,Hulu Langat,Zon 4,,,,,17,6767.619,-26185.163,2.937157,101.7633293,True
JBPM-022,JBPM,BBP,BALAI,BBP Cyberjaya,,KLIA,Zon 5,,,,,22,-4999.069,-28922.871,2.9124295,101.6574834,True
JBPM-032,JBPM,BBP / Pejabat Zon,BALAI/PEJABAT ZON,BBP Sekinchan,,Sabak Bernam,Zon 7,,,,,32,-67399.808,37918.577,3.5168899,101.0960355,True
JBPM-003,JBPM,BBP,BALAI,BBP Bukit Jelutong,,Shah Alam,Zon 1,,,,,3,-17435.944,-7033.722,3.1104032,101.5456458,True
JBPM-025,JBPM,BBP,BALAI,BBP Banting,,KLIA,Zon 5,,,,,25,-21869.144,-39640.493,2.8155313,101.5057325,True
APM-001,APM,APM Negeri,NEGERI,APM Negeri Selangor,,,,Selangor,,"Aras 3, Wisma Persekutuan Klang, Persiaran Bukit Raja 1/KU1, Bandar Baru Klang, 41150 Klang, Selangor",,0,-26030.213,-12904.872,3.0573166,101.4683251,True
APM-002,APM,APM Daerah,DAERAH,PPAD Petaling,,,,Petaling,,"139 Kompleks Puspada, Jalan Raya Barat, 41000 Klang, Selangor",,0,-28926.689,-14910.054,3.0391845,101.4422679,True
APM-003,APM,APM Daerah,DAERAH,PPAD Klang,,,,Klang,,"139 Kompleks Puspada, Jalan Raya Barat, 41000 Klang, Selangor",,0,-28936.683,-14879.118,3.0394643,101.442178,True
APM-004,APM,APM Daerah,DAERAH,PPAD Kuala Langat,,,,Kuala Langat,,"425 A, Jalan Raja Husin, Telok Datok, 42700 Banting, Selangor",,0,-20477.916,-39017.712,2.821162,101.5182457,True
APM-005,APM,APM Daerah,DAERAH,PPAD Hulu Langat,,,,Hulu Langat,,"5/5, Seksyen 5, Taman West Country, Off Jalan Reko, 43650 Kajang, Selangor",,0,9774.022,-23184.279,2.9642852,101.7903813,True
APM-006,APM,APM Daerah,DAERAH,PPAD Sepang,,,,Sepang,,"Airportcity Business Centre, 23, Jalan Airport City 1, Kota Warisan, 43900 Sepang, Selangor",,0,904.584,-38705.466,2.8239483,101.7105602,True
APM-007,APM,APM Daerah,DAERAH,PPAD Gombak,,,,Gombak,,"Jalan Padang Tembak, 50556 Kuala Lumpur",,0,2191.996,241.493,3.1761538,101.7222458,True
APM-008,APM,APM Daerah,DAERAH,PPAD Kuala Selangor,,,,Kuala Selangor,,"1024-1026, Jalan Raja Jalil, 45000 Kuala Selangor, Selangor",,0,-50379.824,18291.512,3.3394313,101.2492409,True
APM-009,APM,APM Daerah,DAERAH,PPAD Hulu Selangor,,,,Hulu Selangor,,"Jalan Syed Masyor, Kampung Tun Abdul Razak, 44000 Kuala Kubu Baru, Selangor",,0,-5199.782,43463.324,3.5670404,101.6558494,True
APM-010,APM,APM Daerah,DAERAH,PPAD Sabak Bernam,,,,Sabak Bernam,,"623, Kuarters J.K.R, Jalan Parit 1 Timur, 45300 Sungai Besar, Selangor",,0,-78607.586,55758.385,3.6781802,100.9950963,True
